{"name":"0141eb73-9e6f-49c8-968c-49d9ae617322","id":"/providers/Microsoft.Flow/flows/0141eb73-9e6f-49c8-968c-49d9ae617322","type":"Microsoft.Flow/flows","properties":{"apiId":"/providers/Microsoft.PowerApps/apis/shared_logicflows","displayName":"Obtener todos los sitios de grupo","definition":{"metadata":{"workflowEntityId":null,"processAdvisorMetadata":null,"flowclientsuspensionreason":"None","flowclientsuspensiontime":null,"creator":{"id":"53aa3a86-239a-4ad6-af5b-79ff15951a65","type":"User","tenantId":"be8d39f1-b8f2-4505-a3c8-05b681b60923"},"provisioningMethod":"FromDefinition","failureAlertSubscription":true,"clientLastModifiedTime":"2021-06-27T19:02:56.694196Z"},"$schema":"https://schema.management.azure.com/providers/Microsoft.Logic/schemas/2016-06-01/workflowdefinition.json#","contentVersion":"1.0.0.0","parameters":{"$connections":{"defaultValue":{},"type":"Object"},"$authentication":{"defaultValue":{},"type":"SecureObject"}},"triggers":{"manual":{"type":"Request","kind":"Button","inputs":{"schema":{"type":"object","properties":{},"required":[]}}}},"actions":{"Send_an_HTTP_request_to_SharePoint":{"runAfter":{"Initialize_variable":["Succeeded"]},"type":"OpenApiConnection","inputs":{"host":{"apiId":"/providers/Microsoft.PowerApps/apis/shared_sharepointonline","connectionName":"shared_sharepointonline","operationId":"HttpRequest"},"parameters":{"dataset":"https://pedroche365-admin.sharepoint.com/","parameters/method":"GET","parameters/uri":"_api/web/lists/GetByTitle('DO_NOT_DELETE_SPLIST_TENANTADMIN_AGGREGATED_SITECOLLECTIONS')/items?$filter=IsGroupConnected eq 1&$select=Title,GroupId,SiteUrl,SiteId"},"authentication":{"value":"@json(decodeBase64(triggerOutputs().headers['X-MS-APIM-Tokens']))['$ConnectionKey']","type":"Raw"}}},"Apply_to_each":{"foreach":"@body('Parse_JSON')?['d']?['results']","actions":{"Get_group":{"runAfter":{},"type":"OpenApiConnection","inputs":{"host":{"apiId":"/providers/Microsoft.PowerApps/apis/shared_azuread","connectionName":"shared_azuread","operationId":"GetGroup"},"parameters":{"id":"@items('Apply_to_each')?['GroupId']"},"authentication":{"value":"@json(decodeBase64(triggerOutputs().headers['X-MS-APIM-Tokens']))['$ConnectionKey']","type":"Raw"}}},"Compose_2":{"runAfter":{"Get_group":["Succeeded"]},"type":"Compose","inputs":"@body('Get_group')?['resourceProvisioningOptions']"},"Condition":{"actions":{"Append_to_array_variable":{"runAfter":{},"type":"AppendToArrayVariable","inputs":{"name":"SitiosTeam","value":"@items('Apply_to_each')?['SiteUrl']"}}},"runAfter":{"Compose_2":["Succeeded"]},"expression":{"contains":["@outputs('Compose_2')","Team"]},"type":"If"}},"runAfter":{"Parse_JSON":["Succeeded"]},"type":"Foreach"},"Sitios_Teams":{"runAfter":{"Apply_to_each":["Succeeded"]},"type":"Compose","inputs":"@variables('SitiosTeam')"},"Initialize_variable":{"runAfter":{},"type":"InitializeVariable","inputs":{"variables":[{"name":"SitiosTeam","type":"array"}]}},"Parse_JSON":{"runAfter":{"Send_an_HTTP_request_to_SharePoint":["Succeeded"]},"type":"ParseJson","inputs":{"content":"@outputs('Send_an_HTTP_request_to_SharePoint')?['body']","schema":{"type":"object","properties":{"d":{"type":"object","properties":{"results":{"type":"array","items":{"type":"object","properties":{"__metadata":{"type":"object","properties":{"id":{"type":"string"},"uri":{"type":"string"},"etag":{"type":"string"},"type":{"type":"string"}}},"Title":{"type":"string"},"GroupId":{"type":"string"},"SiteId":{"type":"string"},"SiteUrl":{"type":"string"}},"required":["__metadata","Title","GroupId","SiteId","SiteUrl"]}}}}}}}}}},"connectionReferences":{"shared_sharepointonline":{"connectionName":"adb73404b78c4d56ba2b1dcfd8c57175","source":"Invoker","id":"/providers/Microsoft.PowerApps/apis/shared_sharepointonline","tier":"NotSpecified"},"shared_azuread":{"connectionName":"shared-azuread-19b0d138-4b22-4eb2-b037-ab32-60d201b0","source":"Invoker","id":"/providers/Microsoft.PowerApps/apis/shared_azuread","tier":"NotSpecified"}},"flowFailureAlertSubscribed":false}}