<environmentvariabledefinition schemaname="mar_DocumentsLibrary">
  <apiid>/providers/microsoft.powerapps/apis/shared_sharepointonline</apiid>
  <displayname default="DocumentsLibrary">
    <label description="DocumentsLibrary" languagecode="1033" />
  </displayname>
  <introducedversion>1.0.0.6</introducedversion>
  <iscustomizable>1</iscustomizable>
  <isrequired>0</isrequired>
  <parameterkey>table</parameterkey>
  <parentdefinitionid>
    <schemaname>mar_DocumentsSharePointSite</schemaname>
  </parentdefinitionid>
  <type>100000004</type>
</environmentvariabledefinition>