{"properties":{"connectionReferences":{"shared_sharepointonline":{"runtimeSource":"embedded","connection":{},"api":{"name":"shared_sharepointonline"}},"shared_commondataserviceforapps":{"runtimeSource":"embedded","connection":{},"api":{"name":"shared_commondataserviceforapps"}}},"definition":{"$schema":"https://schema.management.azure.com/providers/Microsoft.Logic/schemas/2016-06-01/workflowdefinition.json#","contentVersion":"1.0.0.0","parameters":{"$connections":{"defaultValue":{},"type":"Object"},"$authentication":{"defaultValue":{},"type":"SecureObject"}},"triggers":{"When_a_row_is_added,_modified_or_deleted_NIVEL_3":{"type":"OpenApiConnectionWebhook","inputs":{"host":{"connectionName":"shared_commondataserviceforapps","operationId":"SubscribeWebhookTrigger","apiId":"/providers/Microsoft.PowerApps/apis/shared_commondataserviceforapps"},"parameters":{"subscriptionRequest/message":1,"subscriptionRequest/entityname":"mar_nivel3","subscriptionRequest/scope":4},"authentication":"@parameters('$authentication')"}}},"actions":{"Create_new_folder":{"runAfter":{"Get_Nivel_1":["Succeeded"]},"type":"OpenApiConnection","inputs":{"host":{"connectionName":"shared_sharepointonline","operationId":"CreateNewFolder","apiId":"/providers/Microsoft.PowerApps/apis/shared_sharepointonline"},"parameters":{"dataset":"https://pedroche365.sharepoint.com/sites/W4TT","table":"c066766b-dc6b-461c-ac46-ede92c0555ae","parameters/path":"@{outputs('Get_Nivel_1')?['body/mar_name']}/@{outputs('Get_Nivel_1')?['body/mar_name']}_@{outputs('Get_Nivel_2')?['body/mar_name']}/@{outputs('Get_Nivel_1')?['body/mar_name']}_@{outputs('Get_Nivel_2')?['body/mar_name']}_@{triggerOutputs()?['body/mar_name']}"},"authentication":"@parameters('$authentication')"}},"List_rows":{"runAfter":{"Create_new_folder":["Succeeded"]},"type":"OpenApiConnection","inputs":{"host":{"connectionName":"shared_commondataserviceforapps","operationId":"ListRecords","apiId":"/providers/Microsoft.PowerApps/apis/shared_commondataserviceforapps"},"parameters":{"entityName":"sharepointdocumentlocations","$filter":"name eq '@{outputs('Get_Nivel_1')?['body/mar_name']}_@{outputs('Get_Nivel_2')?['body/mar_name']}'"},"authentication":"@parameters('$authentication')"}},"Apply_to_each":{"foreach":"@outputs('List_rows')?['body/value']","actions":{"Add_a_new_row":{"runAfter":{},"type":"OpenApiConnection","inputs":{"host":{"connectionName":"shared_commondataserviceforapps","operationId":"CreateRecord","apiId":"/providers/Microsoft.PowerApps/apis/shared_commondataserviceforapps"},"parameters":{"entityName":"sharepointdocumentlocations","item/name":"@{outputs('Get_Nivel_1')?['body/mar_name']}_@{outputs('Get_Nivel_2')?['body/mar_name']}_@{triggerOutputs()?['body/mar_name']}","item/parentsiteorlocation_sharepointdocumentlocation@odata.bind":"/sharepointdocumentlocations(@{items('Apply_to_each')?['sharepointdocumentlocationid']})","item/regardingobjectid_mar_nivel3@odata.bind":"/mar_nivel3s(@{triggerOutputs()?['body/mar_nivel3id']})","item/relativeurl":"@{outputs('Get_Nivel_1')?['body/mar_name']}_@{outputs('Get_Nivel_2')?['body/mar_name']}_@{triggerOutputs()?['body/mar_name']}"},"authentication":"@parameters('$authentication')"}}},"runAfter":{"List_rows":["Succeeded"]},"type":"Foreach"},"Get_Nivel_2":{"runAfter":{},"type":"OpenApiConnection","inputs":{"host":{"connectionName":"shared_commondataserviceforapps","operationId":"GetItem","apiId":"/providers/Microsoft.PowerApps/apis/shared_commondataserviceforapps"},"parameters":{"entityName":"mar_nivel2s","recordId":"@triggerOutputs()?['body/_mar_nivel2_value']"},"authentication":"@parameters('$authentication')"}},"Get_Nivel_1":{"runAfter":{"Get_Nivel_2":["Succeeded"]},"type":"OpenApiConnection","inputs":{"host":{"connectionName":"shared_commondataserviceforapps","operationId":"GetItem","apiId":"/providers/Microsoft.PowerApps/apis/shared_commondataserviceforapps"},"parameters":{"entityName":"mar_nivel1s","recordId":"@outputs('Get_Nivel_2')?['body/_mar_nivel1_value']"},"authentication":"@parameters('$authentication')"}}},"outputs":{}}},"schemaVersion":"1.0.0.0"}