{"properties":{"connectionReferences":{"shared_sharepointonline":{"runtimeSource":"embedded","connection":{"connectionReferenceLogicalName":"mar_sharedsharepointonline_5c225"},"api":{"name":"shared_sharepointonline"}},"shared_commondataserviceforapps":{"runtimeSource":"embedded","connection":{"connectionReferenceLogicalName":"mar_sharedcommondataserviceforapps_a5c14"},"api":{"name":"shared_commondataserviceforapps"}}},"definition":{"$schema":"https://schema.management.azure.com/providers/Microsoft.Logic/schemas/2016-06-01/workflowdefinition.json#","contentVersion":"1.0.0.0","parameters":{"$connections":{"defaultValue":{},"type":"Object"},"$authentication":{"defaultValue":{},"type":"SecureObject"},"DocumentsSharePointSite":{"defaultValue":"https://pedroche365.sharepoint.com/sites/W4TT","type":"String","metadata":{"schemaName":"mar_DocumentsSharePointSite"}},"DocumentsLibrary":{"defaultValue":"c066766b-dc6b-461c-ac46-ede92c0555ae","type":"String","metadata":{"schemaName":"mar_DocumentsLibrary"}}},"triggers":{"When_a_row_is_added,_modified_or_deleted":{"type":"OpenApiConnectionWebhook","inputs":{"host":{"connectionName":"shared_commondataserviceforapps","operationId":"SubscribeWebhookTrigger","apiId":"/providers/Microsoft.PowerApps/apis/shared_commondataserviceforapps"},"parameters":{"subscriptionRequest/message":1,"subscriptionRequest/entityname":"mar_nivel1","subscriptionRequest/scope":4},"authentication":"@parameters('$authentication')"}}},"actions":{"Create_new_folder":{"runAfter":{},"type":"OpenApiConnection","inputs":{"host":{"connectionName":"shared_sharepointonline","operationId":"CreateNewFolder","apiId":"/providers/Microsoft.PowerApps/apis/shared_sharepointonline"},"parameters":{"dataset":"@parameters('DocumentsSharePointSite')","table":"@parameters('DocumentsLibrary')","parameters/path":"@triggerOutputs()?['body/mar_name']"},"authentication":"@parameters('$authentication')"}},"Create_document_location_Nivel1":{"runAfter":{"Create_new_folder":["Succeeded"]},"type":"OpenApiConnection","inputs":{"host":{"connectionName":"shared_commondataserviceforapps","operationId":"CreateRecord","apiId":"/providers/Microsoft.PowerApps/apis/shared_commondataserviceforapps"},"parameters":{"entityName":"sharepointdocumentlocations","item/name":"@triggerOutputs()?['body/mar_name']","item/parentsiteorlocation_sharepointdocumentlocation@odata.bind":"/sharepointdocumentlocations(aa45bb55-d9bb-eb11-bacc-000d3a442bc4)","item/regardingobjectid_mar_nivel1@odata.bind":"/mar_nivel1s(@{triggerOutputs()?['body/mar_nivel1id']})","item/relativeurl":"@triggerOutputs()?['body/mar_name']"},"authentication":"@parameters('$authentication')"}}},"outputs":{}}},"schemaVersion":"1.0.0.0"}