{"properties":{"connectionReferences":{"shared_commondataserviceforapps":{"runtimeSource":"embedded","connection":{"connectionReferenceLogicalName":"mar_sharedcommondataserviceforapps_a5c14"},"api":{"name":"shared_commondataserviceforapps"}}},"definition":{"$schema":"https://schema.management.azure.com/providers/Microsoft.Logic/schemas/2016-06-01/workflowdefinition.json#","contentVersion":"1.0.0.0","parameters":{"$connections":{"defaultValue":{},"type":"Object"},"$authentication":{"defaultValue":{},"type":"SecureObject"}},"triggers":{"Cuando_se_agrega,_modifica_o_elimina_una_fila":{"type":"OpenApiConnectionWebhook","inputs":{"host":{"connectionName":"shared_commondataserviceforapps","operationId":"SubscribeWebhookTrigger","apiId":"/providers/Microsoft.PowerApps/apis/shared_commondataserviceforapps"},"parameters":{"subscriptionRequest/message":4,"subscriptionRequest/entityname":"mar_expediente","subscriptionRequest/scope":4},"authentication":"@parameters('$authentication')"}}},"actions":{"Stage_1_ID":{"runAfter":{},"type":"Compose","inputs":"7da32b9a-6994-ff0b-0cdc-b9c0c3bde713"},"Stage_2_ID":{"runAfter":{"Stage_1_ID":["Succeeded"]},"type":"Compose","inputs":"5148b38e-5fcd-4459-98e2-c778710192dd"},"Stage_3_ID":{"runAfter":{"Stage_2_ID":["Succeeded"]},"type":"Compose","inputs":"97b24b6c-0ac6-4d7d-8388-f47fec8af6fc"},"Stage_4_ID":{"runAfter":{"Stage_3_ID":["Succeeded"]},"type":"Compose","inputs":"73df2774-b083-4325-9804-845186962671"},"Conmutador":{"runAfter":{"Análisis_del_archivo_JSON":["Succeeded"]},"cases":{"Caso":{"case":809620000,"actions":{"Update_BPF_stage_1":{"runAfter":{"Cambio_fase_1":["Succeeded"]},"type":"OpenApiConnection","inputs":{"host":{"connectionName":"shared_commondataserviceforapps","operationId":"UpdateRecord","apiId":"/providers/Microsoft.PowerApps/apis/shared_commondataserviceforapps"},"parameters":{"entityName":"new_fasesdemos","recordId":"@body('Análisis_del_archivo_JSON')?['businessprocessflowinstanceid']","item/traversedpath":"@outputs('Cambio_fase_1')"},"authentication":"@parameters('$authentication')"}},"Cambio_fase_1":{"runAfter":{},"type":"Compose","inputs":"@concat(body('Análisis_del_archivo_JSON')?['traversedpath'],',',outputs('Stage_1_ID'))"}}},"Caso_2":{"case":809620001,"actions":{"Cambio_fase_2":{"runAfter":{},"type":"Compose","inputs":"@concat(body('Análisis_del_archivo_JSON')?['traversedpath'],',',outputs('Stage_2_ID'))"},"Update_BPF_stage_2":{"runAfter":{"Cambio_fase_2":["Succeeded"]},"type":"OpenApiConnection","inputs":{"host":{"connectionName":"shared_commondataserviceforapps","operationId":"UpdateRecord","apiId":"/providers/Microsoft.PowerApps/apis/shared_commondataserviceforapps"},"parameters":{"entityName":"new_fasesdemos","recordId":"@body('Análisis_del_archivo_JSON')?['businessprocessflowinstanceid']","item/traversedpath":"@outputs('Cambio_fase_2')"},"authentication":"@parameters('$authentication')"}}}},"Caso_3":{"case":809620002,"actions":{"Cambio_fase_3":{"runAfter":{},"type":"Compose","inputs":"@concat(body('Análisis_del_archivo_JSON')?['traversedpath'],',',outputs('Stage_3_ID'))"},"Update_BPF_stage_3":{"runAfter":{"Cambio_fase_3":["Succeeded"]},"type":"OpenApiConnection","inputs":{"host":{"connectionName":"shared_commondataserviceforapps","operationId":"UpdateRecord","apiId":"/providers/Microsoft.PowerApps/apis/shared_commondataserviceforapps"},"parameters":{"entityName":"new_fasesdemos","recordId":"@body('Análisis_del_archivo_JSON')?['businessprocessflowinstanceid']","item/traversedpath":"@outputs('Cambio_fase_3')"},"authentication":"@parameters('$authentication')"}}}},"Caso_4":{"case":809620003,"actions":{"Cambio_fase_4":{"runAfter":{},"type":"Compose","inputs":"@concat(body('Análisis_del_archivo_JSON')?['traversedpath'],',',outputs('Stage_4_ID'))"},"Update_BPF_stage_4":{"runAfter":{"Cambio_fase_4":["Succeeded"]},"type":"OpenApiConnection","inputs":{"host":{"connectionName":"shared_commondataserviceforapps","operationId":"UpdateRecord","apiId":"/providers/Microsoft.PowerApps/apis/shared_commondataserviceforapps"},"parameters":{"entityName":"new_fasesdemos","recordId":"@body('Análisis_del_archivo_JSON')?['businessprocessflowinstanceid']","item/traversedpath":"@outputs('Cambio_fase_4')"},"authentication":"@parameters('$authentication')"}}}}},"default":{"actions":{}},"expression":"@triggerOutputs()?['body/mar_stage']","type":"Switch"},"Get_BPF":{"runAfter":{"Stage_4_ID":["Succeeded"]},"type":"OpenApiConnection","inputs":{"host":{"connectionName":"shared_commondataserviceforapps","operationId":"ListRecords","apiId":"/providers/Microsoft.PowerApps/apis/shared_commondataserviceforapps"},"parameters":{"entityName":"new_fasesdemos","$filter":"_bpf_mar_expedienteid_value eq @{triggerOutputs()?['body/mar_expedienteid']}"},"authentication":"@parameters('$authentication')"}},"Análisis_del_archivo_JSON":{"runAfter":{"Get_BPF":["Succeeded"]},"type":"ParseJson","inputs":{"content":"@first(outputs('Get_BPF')?['body/value'])","schema":{"type":"object","properties":{"@@odata.type":{"type":"string"},"@@odata.id":{"type":"string"},"@@odata.etag":{"type":"string"},"@@odata.editLink":{"type":"string"},"activestagestartedon@OData.Community.Display.V1.FormattedValue":{"type":"string"},"activestagestartedon@odata.type":{"type":"string"},"activestagestartedon":{"type":"string"},"_organizationid_value@OData.Community.Display.V1.FormattedValue":{"type":"string"},"_organizationid_value@Microsoft.Dynamics.CRM.associatednavigationproperty":{"type":"string"},"_organizationid_value@Microsoft.Dynamics.CRM.lookuplogicalname":{"type":"string"},"_organizationid_value@odata.type":{"type":"string"},"_organizationid_value":{"type":"string"},"_processid_value@OData.Community.Display.V1.FormattedValue":{"type":"string"},"_processid_value@Microsoft.Dynamics.CRM.associatednavigationproperty":{"type":"string"},"_processid_value@Microsoft.Dynamics.CRM.lookuplogicalname":{"type":"string"},"_processid_value@odata.type":{"type":"string"},"_processid_value":{"type":"string"},"traversedpath":{"type":"string"},"_bpf_mar_expedienteid_value@OData.Community.Display.V1.FormattedValue":{"type":"string"},"_bpf_mar_expedienteid_value@Microsoft.Dynamics.CRM.associatednavigationproperty":{"type":"string"},"_bpf_mar_expedienteid_value@Microsoft.Dynamics.CRM.lookuplogicalname":{"type":"string"},"_bpf_mar_expedienteid_value@odata.type":{"type":"string"},"_bpf_mar_expedienteid_value":{"type":"string"},"statuscode@OData.Community.Display.V1.FormattedValue":{"type":"string"},"statuscode":{"type":"integer"},"_createdby_value@OData.Community.Display.V1.FormattedValue":{"type":"string"},"_createdby_value@Microsoft.Dynamics.CRM.lookuplogicalname":{"type":"string"},"_createdby_value@odata.type":{"type":"string"},"_createdby_value":{"type":"string"},"bpf_name":{"type":"string"},"timezoneruleversionnumber@OData.Community.Display.V1.FormattedValue":{"type":"string"},"timezoneruleversionnumber":{"type":"integer"},"modifiedon@OData.Community.Display.V1.FormattedValue":{"type":"string"},"modifiedon@odata.type":{"type":"string"},"modifiedon":{"type":"string"},"businessprocessflowinstanceid@odata.type":{"type":"string"},"businessprocessflowinstanceid":{"type":"string"},"_modifiedby_value@OData.Community.Display.V1.FormattedValue":{"type":"string"},"_modifiedby_value@Microsoft.Dynamics.CRM.lookuplogicalname":{"type":"string"},"_modifiedby_value@odata.type":{"type":"string"},"_modifiedby_value":{"type":"string"},"versionnumber@OData.Community.Display.V1.FormattedValue":{"type":"string"},"versionnumber@odata.type":{"type":"string"},"versionnumber":{"type":"integer"},"_activestageid_value@OData.Community.Display.V1.FormattedValue":{"type":"string"},"_activestageid_value@Microsoft.Dynamics.CRM.associatednavigationproperty":{"type":"string"},"_activestageid_value@Microsoft.Dynamics.CRM.lookuplogicalname":{"type":"string"},"_activestageid_value@odata.type":{"type":"string"},"_activestageid_value":{"type":"string"},"createdon@OData.Community.Display.V1.FormattedValue":{"type":"string"},"createdon@odata.type":{"type":"string"},"createdon":{"type":"string"},"statecode@OData.Community.Display.V1.FormattedValue":{"type":"string"},"statecode":{"type":"integer"},"utcconversiontimezonecode@OData.Community.Display.V1.FormattedValue":{"type":"string"},"utcconversiontimezonecode":{"type":"integer"}}}}}},"outputs":{}}},"schemaVersion":"1.0.0.0"}