<environmentvariabledefinition schemaname="mar_DocumentsSharePointSite">
  <apiid>/providers/microsoft.powerapps/apis/shared_sharepointonline</apiid>
  <displayname default="DocumentsSharePointSite">
    <label description="DocumentsSharePointSite" languagecode="1033" />
  </displayname>
  <introducedversion>1.0.0.6</introducedversion>
  <iscustomizable>1</iscustomizable>
  <isrequired>0</isrequired>
  <parameterkey>dataset</parameterkey>
  <type>100000004</type>
</environmentvariabledefinition>