{
  "properties": {
    "connectionReferences": {
      "shared_commondataserviceforapps": {
        "impersonation": {
          "source": "invoker"
        },
        "runtimeSource": "embedded",
        "connection": {
          "connectionReferenceLogicalName": "mar_sharedcommondataserviceforapps_b166c"
        },
        "api": {
          "name": "shared_commondataserviceforapps"
        }
      }
    },
    "definition": {
      "$schema": "https://schema.management.azure.com/providers/Microsoft.Logic/schemas/2016-06-01/workflowdefinition.json#",
      "contentVersion": "1.0.0.0",
      "parameters": {
        "$connections": {
          "defaultValue": {},
          "type": "Object"
        },
        "$authentication": {
          "defaultValue": {},
          "type": "SecureObject"
        }
      },
      "triggers": {
        "When_a_row_is_added,_modified_or_deleted": {
          "metadata": {
            "operationMetadataId": "1f0b7f7e-e457-4475-a3bd-b5e136ab3968"
          },
          "type": "OpenApiConnectionWebhook",
          "inputs": {
            "host": {
              "connectionName": "shared_commondataserviceforapps",
              "operationId": "SubscribeWebhookTrigger",
              "apiId": "/providers/Microsoft.PowerApps/apis/shared_commondataserviceforapps"
            },
            "parameters": {
              "subscriptionRequest/message": 1,
              "subscriptionRequest/entityname": "msdyncrm_customerjourneycustomchannelactivity",
              "subscriptionRequest/scope": 4
            },
            "authentication": "@parameters('$authentication')"
          }
        }
      },
      "actions": {
        "Get_WhatsappTemplate": {
          "runAfter": {},
          "metadata": {
            "operationMetadataId": "95d58752-2643-41e0-a11e-e470751f6080"
          },
          "type": "OpenApiConnection",
          "inputs": {
            "host": {
              "connectionName": "shared_commondataserviceforapps",
              "operationId": "GetItem",
              "apiId": "/providers/Microsoft.PowerApps/apis/shared_commondataserviceforapps"
            },
            "parameters": {
              "entityName": "mar_whatsapptemplates",
              "recordId": "@triggerOutputs()?['body/msdyncrm_entityid']"
            },
            "authentication": "@parameters('$authentication')"
          }
        },
        "Get_Contact": {
          "runAfter": {
            "Get_WhatsappTemplate": [
              "Succeeded"
            ]
          },
          "metadata": {
            "operationMetadataId": "917f9d3a-f6bf-449d-b700-e1721362ed67"
          },
          "type": "OpenApiConnection",
          "inputs": {
            "host": {
              "connectionName": "shared_commondataserviceforapps",
              "operationId": "GetItem",
              "apiId": "/providers/Microsoft.PowerApps/apis/shared_commondataserviceforapps"
            },
            "parameters": {
              "entityName": "contacts",
              "recordId": "@triggerOutputs()?['body/_msdyncrm_contact_value']"
            },
            "authentication": "@parameters('$authentication')"
          }
        },
        "HTTP_send_Whatsapp_Twilio": {
          "runAfter": {
            "Initialize_varTo": [
              "Succeeded"
            ]
          },
          "metadata": {
            "operationMetadataId": "939ed5cb-4377-46c4-9482-59265e6def92"
          },
          "type": "Http",
          "inputs": {
            "method": "POST",
            "uri": "https://api.twilio.com/2010-04-01/Accounts/AC1d00133ec3ff40ebfcccc016c497c1c9/Messages.json",
            "headers": {
              "Content-Type": "application/x-www-form-urlencoded"
            },
            "body": "To=@{encodeUriComponent(variables('varTo'))}&From=@{encodeUriComponent(variables('varFrom'))}&Body=@{encodeUriComponent(outputs('Get_WhatsappTemplate')?['body/mar_bodymessage'])}",
            "authentication": {
              "type": "Basic",
              "username": "AC1d00133ec3ff40ebfcccc016c497c1c9",
              "password": "2903a8eedff372722e18c8784b053c71"
            }
          }
        },
        "Initialize_varFrom": {
          "runAfter": {
            "Get_Contact": [
              "Succeeded"
            ]
          },
          "metadata": {
            "operationMetadataId": "60f08e04-d8e2-4b2e-8d17-e22ff3de7f70"
          },
          "type": "InitializeVariable",
          "inputs": {
            "variables": [
              {
                "name": "varFrom",
                "type": "string",
                "value": "whatsapp:+14155238886"
              }
            ]
          }
        },
        "Initialize_varTo": {
          "runAfter": {
            "Initialize_varFrom": [
              "Succeeded"
            ]
          },
          "metadata": {
            "operationMetadataId": "ac745492-2e60-453c-a137-700379854b7b"
          },
          "type": "InitializeVariable",
          "inputs": {
            "variables": [
              {
                "name": "varTo",
                "type": "string",
                "value": "whatsapp:+34617136654"
              }
            ]
          }
        },
        "Compose": {
          "runAfter": {
            "Parse_JSON": [
              "Succeeded"
            ]
          },
          "metadata": {
            "operationMetadataId": "eb1e2710-9dd2-4e59-856b-69f36517879c"
          },
          "type": "Compose",
          "inputs": "msdyncrm_CustomChannelActivityCreateInteraction"
        },
        "Add_customer_journey_interaction_with_contact": {
          "runAfter": {
            "Compose": [
              "Succeeded"
            ]
          },
          "metadata": {
            "operationMetadataId": "215329d1-9495-44ec-ad3f-c4c96e6dd505"
          },
          "type": "OpenApiConnection",
          "inputs": {
            "host": {
              "connectionName": "shared_commondataserviceforapps",
              "operationId": "PerformUnboundAction",
              "apiId": "/providers/Microsoft.PowerApps/apis/shared_commondataserviceforapps"
            },
            "parameters": {
              "actionName": "@outputs('Compose')",
              "item": {
                "ActivityId": "@{triggerOutputs()?['body/msdyncrm_activityid']}",
                "CustomerJourney": "msdyncrm_customerjourneys(@{triggerOutputs()?['body/_msdyncrm_customerjourney_value']})",
                "CustomerJourneyIteration": "msdyncrm_customerjourneyiterations(@{triggerOutputs()?['body/_msdyncrm_customerjourneyiteration_value']})",
                "Contact": "contacts(@{triggerOutputs()?['body/_msdyncrm_contact_value']})",
                "EntityId": "@{triggerOutputs()?['body/msdyncrm_entityid']}",
                "EntityType": "@{triggerOutputs()?['body/msdyncrm_entitytype']}",
                "ResponseType": "@{body('Parse_JSON')?['status']}",
                "TriggerKeyword": "@{body('Parse_JSON')?['status']}"
              }
            },
            "authentication": "@parameters('$authentication')"
          }
        },
        "Parse_JSON": {
          "runAfter": {
            "HTTP_send_Whatsapp_Twilio": [
              "Succeeded"
            ]
          },
          "metadata": {
            "operationMetadataId": "6e12b921-1505-48b7-b6fd-fe8b25685339"
          },
          "type": "ParseJson",
          "inputs": {
            "content": "@body('HTTP_send_Whatsapp_Twilio')",
            "schema": {
              "type": "object",
              "properties": {
                "sid": {
                  "type": "string"
                },
                "date_created": {
                  "type": "string"
                },
                "date_updated": {
                  "type": "string"
                },
                "date_sent": {},
                "account_sid": {
                  "type": "string"
                },
                "to": {
                  "type": "string"
                },
                "from": {
                  "type": "string"
                },
                "messaging_service_sid": {},
                "body": {
                  "type": "string"
                },
                "status": {
                  "type": "string"
                },
                "num_segments": {
                  "type": "string"
                },
                "num_media": {
                  "type": "string"
                },
                "direction": {
                  "type": "string"
                },
                "api_version": {
                  "type": "string"
                },
                "price": {},
                "price_unit": {},
                "error_code": {},
                "error_message": {},
                "uri": {
                  "type": "string"
                },
                "subresource_uris": {
                  "type": "object",
                  "properties": {
                    "media": {
                      "type": "string"
                    }
                  }
                }
              }
            }
          }
        },
        "Create_Log_Success": {
          "runAfter": {
            "Add_customer_journey_interaction_with_contact": [
              "Succeeded"
            ]
          },
          "metadata": {
            "operationMetadataId": "76984ca5-fa4b-485d-82ef-02c318ec56d6"
          },
          "type": "OpenApiConnection",
          "inputs": {
            "host": {
              "connectionName": "shared_commondataserviceforapps",
              "operationId": "CreateRecord",
              "apiId": "/providers/Microsoft.PowerApps/apis/shared_commondataserviceforapps"
            },
            "parameters": {
              "entityName": "mar_logswhatsappchannels",
              "item/mar_ChannelActivityrecord@odata.bind": "msdyncrm_customerjourneycustomchannelactivities(@{triggerOutputs()?['body/msdyncrm_customerjourneycustomchannelactivityid']})",
              "item/mar_messageid": "@body('Parse_JSON')?['sid']",
              "item/mar_responsetype": "@body('Parse_JSON')?['status']"
            },
            "authentication": "@parameters('$authentication')"
          }
        },
        "Create_Log_ERROR": {
          "runAfter": {
            "Add_customer_journey_interaction_with_contact_2": [
              "Succeeded"
            ]
          },
          "metadata": {
            "operationMetadataId": "d99da360-7733-4242-90c0-92c93b8739a7"
          },
          "type": "OpenApiConnection",
          "inputs": {
            "host": {
              "connectionName": "shared_commondataserviceforapps",
              "operationId": "CreateRecord",
              "apiId": "/providers/Microsoft.PowerApps/apis/shared_commondataserviceforapps"
            },
            "parameters": {
              "entityName": "mar_logswhatsappchannels",
              "item/mar_ChannelActivityrecord@odata.bind": "msdyncrm_customerjourneycustomchannelactivities(@{triggerOutputs()?['body/msdyncrm_customerjourneycustomchannelactivityid']})",
              "item/mar_messageid": "@body('Parse_JSON_2')?['sid']",
              "item/mar_responsetype": "failed"
            },
            "authentication": "@parameters('$authentication')"
          }
        },
        "Parse_JSON_2": {
          "runAfter": {
            "HTTP_send_Whatsapp_Twilio": [
              "Failed",
              "Skipped",
              "TimedOut"
            ]
          },
          "metadata": {
            "operationMetadataId": "6e12b921-1505-48b7-b6fd-fe8b25685339"
          },
          "type": "ParseJson",
          "inputs": {
            "content": "@body('HTTP_send_Whatsapp_Twilio')",
            "schema": {
              "type": "object",
              "properties": {
                "sid": {
                  "type": "string"
                },
                "date_created": {
                  "type": "string"
                },
                "date_updated": {
                  "type": "string"
                },
                "date_sent": {},
                "account_sid": {
                  "type": "string"
                },
                "to": {
                  "type": "string"
                },
                "from": {
                  "type": "string"
                },
                "messaging_service_sid": {},
                "body": {
                  "type": "string"
                },
                "status": {
                  "type": "string"
                },
                "num_segments": {
                  "type": "string"
                },
                "num_media": {
                  "type": "string"
                },
                "direction": {
                  "type": "string"
                },
                "api_version": {
                  "type": "string"
                },
                "price": {},
                "price_unit": {},
                "error_code": {},
                "error_message": {},
                "uri": {
                  "type": "string"
                },
                "subresource_uris": {
                  "type": "object",
                  "properties": {
                    "media": {
                      "type": "string"
                    }
                  }
                }
              }
            }
          }
        },
        "Compose_2": {
          "runAfter": {
            "Parse_JSON_2": [
              "Succeeded"
            ]
          },
          "metadata": {
            "operationMetadataId": "eb1e2710-9dd2-4e59-856b-69f36517879c"
          },
          "type": "Compose",
          "inputs": "msdyncrm_CustomChannelActivityCreateInteraction"
        },
        "Add_customer_journey_interaction_with_contact_2": {
          "runAfter": {
            "Compose_2": [
              "Succeeded"
            ]
          },
          "metadata": {
            "operationMetadataId": "215329d1-9495-44ec-ad3f-c4c96e6dd505"
          },
          "type": "OpenApiConnection",
          "inputs": {
            "host": {
              "connectionName": "shared_commondataserviceforapps",
              "operationId": "PerformUnboundAction",
              "apiId": "/providers/Microsoft.PowerApps/apis/shared_commondataserviceforapps"
            },
            "parameters": {
              "actionName": "@outputs('Compose_2')",
              "item": {
                "ActivityId": "@{triggerOutputs()?['body/msdyncrm_activityid']}",
                "CustomerJourney": "msdyncrm_customerjourneys(@{triggerOutputs()?['body/_msdyncrm_customerjourney_value']})",
                "CustomerJourneyIteration": "msdyncrm_customerjourneyiterations(@{triggerOutputs()?['body/_msdyncrm_customerjourneyiteration_value']})",
                "Contact": "contacts(@{triggerOutputs()?['body/_msdyncrm_contact_value']})",
                "EntityId": "@{triggerOutputs()?['body/msdyncrm_entityid']}",
                "EntityType": "@{triggerOutputs()?['body/msdyncrm_entitytype']}",
                "ResponseType": "failed",
                "TriggerKeyword": "failed"
              }
            },
            "authentication": "@parameters('$authentication')"
          }
        }
      },
      "outputs": {}
    }
  },
  "schemaVersion": "1.0.0.0"
}