{
  "properties": {
    "connectionReferences": {
      "shared_commondataserviceforapps": {
        "runtimeSource": "embedded",
        "connection": {
          "connectionReferenceLogicalName": "mar_sharedcommondataserviceforapps_b166c"
        },
        "api": {
          "name": "shared_commondataserviceforapps"
        }
      }
    },
    "definition": {
      "$schema": "https://schema.management.azure.com/providers/Microsoft.Logic/schemas/2016-06-01/workflowdefinition.json#",
      "contentVersion": "1.0.0.0",
      "parameters": {
        "$connections": {
          "defaultValue": {},
          "type": "Object"
        },
        "$authentication": {
          "defaultValue": {},
          "type": "SecureObject"
        }
      },
      "triggers": {
        "manual": {
          "metadata": {
            "operationMetadataId": "2ace8f7b-ba2d-43e4-b919-b0279cd9b1a4"
          },
          "type": "Request",
          "kind": "Http",
          "inputs": {}
        }
      },
      "actions": {
        "Initialize_varArrayData": {
          "runAfter": {},
          "metadata": {
            "operationMetadataId": "3ceac969-0761-49c4-876d-c034539d5656"
          },
          "type": "InitializeVariable",
          "inputs": {
            "variables": [
              {
                "name": "varArrayData",
                "type": "array",
                "value": "@triggerBody()?['$formdata']"
              }
            ]
          }
        },
        "Filter_array_MessageId": {
          "runAfter": {
            "Initialize_varArrayData": [
              "Succeeded"
            ]
          },
          "metadata": {
            "operationMetadataId": "c256c039-b0cb-4315-99fd-4721d61b3b50"
          },
          "type": "Query",
          "inputs": {
            "from": "@variables('varArrayData')",
            "where": "@equals(item()?['key'], 'SmsSid')"
          }
        },
        "Initialize_varMessageId": {
          "runAfter": {
            "Filter_array_MessageStatus": [
              "Succeeded"
            ]
          },
          "metadata": {
            "operationMetadataId": "63d6a473-d6ac-4d2b-91b0-2b9297186381"
          },
          "type": "InitializeVariable",
          "inputs": {
            "variables": [
              {
                "name": "varMessageId",
                "type": "string",
                "value": "@{body('Filter_array_MessageId')[0]?['value']}"
              }
            ]
          }
        },
        "Filter_array_MessageStatus": {
          "runAfter": {
            "Filter_array_MessageId": [
              "Succeeded"
            ]
          },
          "metadata": {
            "operationMetadataId": "7ee90ced-6ddc-4bb4-9fb8-18cf2e45d4f7"
          },
          "type": "Query",
          "inputs": {
            "from": "@variables('varArrayData')",
            "where": "@equals(item()?['key'], 'MessageStatus')"
          }
        },
        "Initialize_varMessageStatus": {
          "runAfter": {
            "Initialize_varMessageId": [
              "Succeeded"
            ]
          },
          "metadata": {
            "operationMetadataId": "88349adf-c83b-4493-9e50-a3a6430ff0bb"
          },
          "type": "InitializeVariable",
          "inputs": {
            "variables": [
              {
                "name": "varMessageStatus",
                "type": "string",
                "value": "@{body('Filter_array_MessageStatus')[0]?['value']}"
              }
            ]
          }
        },
        "Initialize_varLogs": {
          "runAfter": {
            "Initialize_varMessageStatus": [
              "Succeeded"
            ]
          },
          "metadata": {
            "operationMetadataId": "72e839b9-8f79-4fa7-9b82-3c4d3ba1074c"
          },
          "type": "InitializeVariable",
          "inputs": {
            "variables": [
              {
                "name": "varLogs",
                "type": "array"
              }
            ]
          }
        },
        "Do_until": {
          "actions": {
            "List_Logs": {
              "runAfter": {},
              "metadata": {
                "operationMetadataId": "18b2a759-cb43-47ce-9d42-a9c0b41ddbeb"
              },
              "type": "OpenApiConnection",
              "inputs": {
                "host": {
                  "connectionName": "shared_commondataserviceforapps",
                  "operationId": "ListRecords",
                  "apiId": "/providers/Microsoft.PowerApps/apis/shared_commondataserviceforapps"
                },
                "parameters": {
                  "entityName": "mar_logswhatsappchannels",
                  "$select": "_mar_channelactivityrecord_value, mar_logswhatsappchannelid, mar_messageid",
                  "$filter": "mar_messageid eq '@{variables('varMessageId')}'"
                },
                "authentication": "@parameters('$authentication')"
              }
            },
            "Set_varLogs": {
              "runAfter": {
                "List_Logs": [
                  "Succeeded"
                ]
              },
              "metadata": {
                "operationMetadataId": "1a76b26a-da0c-4a45-8080-00830a082ed3"
              },
              "type": "SetVariable",
              "inputs": {
                "name": "varLogs",
                "value": "@outputs('List_Logs')?['body/value']"
              }
            }
          },
          "runAfter": {
            "Initialize_varLogs": [
              "Succeeded"
            ]
          },
          "expression": "@not(equals(length(variables('varLogs')), 0))",
          "limit": {
            "count": 60,
            "timeout": "PT1H"
          },
          "metadata": {
            "operationMetadataId": "7cf91be8-4247-4dbe-88e7-1e5f95e63822"
          },
          "type": "Until"
        },
        "Create_log": {
          "runAfter": {
            "Do_until": [
              "Succeeded"
            ]
          },
          "metadata": {
            "operationMetadataId": "be4a899e-224a-43f3-b456-b217d4727512"
          },
          "type": "OpenApiConnection",
          "inputs": {
            "host": {
              "connectionName": "shared_commondataserviceforapps",
              "operationId": "CreateRecord",
              "apiId": "/providers/Microsoft.PowerApps/apis/shared_commondataserviceforapps"
            },
            "parameters": {
              "entityName": "mar_logswhatsappchannels",
              "item/mar_ChannelActivityrecord@odata.bind": "msdyncrm_customerjourneycustomchannelactivities(@{first(outputs('List_Logs')?['body/value'])?['_mar_channelactivityrecord_value']})",
              "item/mar_messageid": "@variables('varMessageId')",
              "item/mar_responsetype": "@variables('varMessageStatus')"
            },
            "authentication": "@parameters('$authentication')"
          }
        },
        "Perform_an_unbound_action": {
          "runAfter": {
            "Get_Custom_Channel_Activity": [
              "Succeeded"
            ]
          },
          "metadata": {
            "operationMetadataId": "f79226a7-7c0b-4158-b555-5c76d8302de9"
          },
          "type": "OpenApiConnection",
          "inputs": {
            "host": {
              "connectionName": "shared_commondataserviceforapps",
              "operationId": "PerformUnboundAction",
              "apiId": "/providers/Microsoft.PowerApps/apis/shared_commondataserviceforapps"
            },
            "parameters": {
              "actionName": "@outputs('Compose')",
              "item": {
                "ActivityId": "@{outputs('Get_Custom_Channel_Activity')?['body/msdyncrm_activityid']}",
                "CustomerJourney": "msdyncrm_customerjourneys(@{outputs('Get_Custom_Channel_Activity')?['body/_msdyncrm_customerjourney_value']})",
                "CustomerJourneyIteration": "msdyncrm_customerjourneyiterations(@{outputs('Get_Custom_Channel_Activity')?['body/_msdyncrm_customerjourneyiteration_value']})",
                "Contact": "contacts(@{outputs('Get_Custom_Channel_Activity')?['body/_msdyncrm_contact_value']})",
                "EntityId": "@{outputs('Get_Custom_Channel_Activity')?['body/msdyncrm_entityid']}",
                "EntityType": "@{outputs('Get_Custom_Channel_Activity')?['body/msdyncrm_entitytype']}",
                "ResponseType": "@{variables('varMessageStatus')}",
                "TriggerKeyword": "@{variables('varMessageStatus')}"
              }
            },
            "authentication": "@parameters('$authentication')"
          }
        },
        "Compose": {
          "runAfter": {
            "Create_log": [
              "Succeeded"
            ]
          },
          "metadata": {
            "operationMetadataId": "e2fb24f5-5922-4a20-a148-106ef3144b34"
          },
          "type": "Compose",
          "inputs": "msdyncrm_CustomChannelActivityCreateInteraction"
        },
        "Get_Custom_Channel_Activity": {
          "runAfter": {
            "Compose": [
              "Succeeded"
            ]
          },
          "metadata": {
            "operationMetadataId": "6a430da5-a57a-410f-8af1-6ea4d71af465"
          },
          "type": "OpenApiConnection",
          "inputs": {
            "host": {
              "connectionName": "shared_commondataserviceforapps",
              "operationId": "GetItem",
              "apiId": "/providers/Microsoft.PowerApps/apis/shared_commondataserviceforapps"
            },
            "parameters": {
              "entityName": "msdyncrm_customerjourneycustomchannelactivities",
              "recordId": "@outputs('Create_log')?['body/_mar_channelactivityrecord_value']"
            },
            "authentication": "@parameters('$authentication')"
          }
        }
      },
      "outputs": {}
    }
  },
  "schemaVersion": "1.0.0.0"
}