<ImportExportXml version="9.2.22034.154" SolutionPackageVersion="9.2" languagecode="3082" generatedBy="CrmLive" xmlns:xsi="http://www.w3.org/2001/XMLSchema-instance">
  <SolutionManifest>
    <UniqueName>mar_WhatsappCustomChannel</UniqueName>
    <LocalizedNames>
      <LocalizedName description="mar_WhatsappCustomChannel" languagecode="3082" />
    </LocalizedNames>
    <Descriptions />
    <Version>1.0.0.3</Version>
    <Managed>0</Managed>
    <Publisher>
      <UniqueName>mar</UniqueName>
      <LocalizedNames>
        <LocalizedName description="mar" languagecode="3082" />
      </LocalizedNames>
      <Descriptions />
      <EMailAddress xsi:nil="true"></EMailAddress>
      <SupportingWebsiteUrl xsi:nil="true"></SupportingWebsiteUrl>
      <CustomizationPrefix>mar</CustomizationPrefix>
      <CustomizationOptionValuePrefix>86094</CustomizationOptionValuePrefix>
      <Addresses>
        <Address>
          <AddressNumber>1</AddressNumber>
          <AddressTypeCode>1</AddressTypeCode>
          <City xsi:nil="true"></City>
          <County xsi:nil="true"></County>
          <Country xsi:nil="true"></Country>
          <Fax xsi:nil="true"></Fax>
          <FreightTermsCode xsi:nil="true"></FreightTermsCode>
          <ImportSequenceNumber xsi:nil="true"></ImportSequenceNumber>
          <Latitude xsi:nil="true"></Latitude>
          <Line1 xsi:nil="true"></Line1>
          <Line2 xsi:nil="true"></Line2>
          <Line3 xsi:nil="true"></Line3>
          <Longitude xsi:nil="true"></Longitude>
          <Name xsi:nil="true"></Name>
          <PostalCode xsi:nil="true"></PostalCode>
          <PostOfficeBox xsi:nil="true"></PostOfficeBox>
          <PrimaryContactName xsi:nil="true"></PrimaryContactName>
          <ShippingMethodCode>1</ShippingMethodCode>
          <StateOrProvince xsi:nil="true"></StateOrProvince>
          <Telephone1 xsi:nil="true"></Telephone1>
          <Telephone2 xsi:nil="true"></Telephone2>
          <Telephone3 xsi:nil="true"></Telephone3>
          <TimeZoneRuleVersionNumber xsi:nil="true"></TimeZoneRuleVersionNumber>
          <UPSZone xsi:nil="true"></UPSZone>
          <UTCOffset xsi:nil="true"></UTCOffset>
          <UTCConversionTimeZoneCode xsi:nil="true"></UTCConversionTimeZoneCode>
        </Address>
        <Address>
          <AddressNumber>2</AddressNumber>
          <AddressTypeCode>1</AddressTypeCode>
          <City xsi:nil="true"></City>
          <County xsi:nil="true"></County>
          <Country xsi:nil="true"></Country>
          <Fax xsi:nil="true"></Fax>
          <FreightTermsCode xsi:nil="true"></FreightTermsCode>
          <ImportSequenceNumber xsi:nil="true"></ImportSequenceNumber>
          <Latitude xsi:nil="true"></Latitude>
          <Line1 xsi:nil="true"></Line1>
          <Line2 xsi:nil="true"></Line2>
          <Line3 xsi:nil="true"></Line3>
          <Longitude xsi:nil="true"></Longitude>
          <Name xsi:nil="true"></Name>
          <PostalCode xsi:nil="true"></PostalCode>
          <PostOfficeBox xsi:nil="true"></PostOfficeBox>
          <PrimaryContactName xsi:nil="true"></PrimaryContactName>
          <ShippingMethodCode>1</ShippingMethodCode>
          <StateOrProvince xsi:nil="true"></StateOrProvince>
          <Telephone1 xsi:nil="true"></Telephone1>
          <Telephone2 xsi:nil="true"></Telephone2>
          <Telephone3 xsi:nil="true"></Telephone3>
          <TimeZoneRuleVersionNumber xsi:nil="true"></TimeZoneRuleVersionNumber>
          <UPSZone xsi:nil="true"></UPSZone>
          <UTCOffset xsi:nil="true"></UTCOffset>
          <UTCConversionTimeZoneCode xsi:nil="true"></UTCConversionTimeZoneCode>
        </Address>
      </Addresses>
    </Publisher>
    <RootComponents>
      <RootComponent type="1" schemaName="mar_logswhatsappchannel" behavior="0" />
      <RootComponent type="1" schemaName="mar_whatsapptemplate" behavior="0" />
      <RootComponent type="1" schemaName="msdyncrm_customerjourneycustomchannelactivity" behavior="1" />
      <RootComponent type="29" id="{526b9c4a-8fb3-ec11-983f-0022480bfe03}" behavior="0" />
      <RootComponent type="29" id="{ecceca02-80b3-ec11-983f-0022480bfe03}" behavior="0" />
      <RootComponent type="61" schemaName="mar_SendWhatsAppCustomerJourneyDesignerTileConfig.xml" behavior="0" />
    </RootComponents>
    <MissingDependencies>
      <MissingDependency>
        <Required type="1" schemaName="msdyncrm_customerjourneycustomchannelactivity" displayName="Actividad de canal personalizada" solution="MicrosoftDynamics_Marketing (1.82.2016.0)">
          <package>MicrosoftDynamics_MktCompleteAnchorSolution (1.82.2016.0)</package>
        </Required>
        <Dependent type="1" schemaName="msdyncrm_customerjourneycustomchannelactivity" displayName="Actividad de canal personalizada" />
      </MissingDependency>
      <MissingDependency>
        <Required type="1" schemaName="msdyncrm_customerjourneycustomchannelactivity" displayName="Actividad de canal personalizada" solution="MicrosoftDynamics_Marketing (1.82.2016.0)">
          <package>MicrosoftDynamics_MktCompleteAnchorSolution (1.82.2016.0)</package>
        </Required>
        <Dependent type="10" schemaName="mar_LogsWhatsappChannel_ChannelActivityre" displayName="mar_LogsWhatsappChannel_ChannelActivityre" parentSchemaName="msdyncrm_customerjourneycustomchannelactivity" parentDisplayName="Actividad de canal personalizada" />
      </MissingDependency>
      <MissingDependency>
        <Required type="1" schemaName="msdyncrm_customerjourneycustomchannelactivity" displayName="Actividad de canal personalizada" solution="MicrosoftDynamics_Marketing (1.82.2016.0)">
          <package>MicrosoftDynamics_MktCompleteAnchorSolution (1.82.2016.0)</package>
        </Required>
        <Dependent type="29" displayName="WhatsappWebhook" id="{526b9c4a-8fb3-ec11-983f-0022480bfe03}" />
      </MissingDependency>
      <MissingDependency>
        <Required type="1" schemaName="msdyncrm_customerjourneycustomchannelactivity" displayName="Actividad de canal personalizada" solution="MicrosoftDynamics_Marketing (1.82.2016.0)">
          <package>MicrosoftDynamics_MktCompleteAnchorSolution (1.82.2016.0)</package>
        </Required>
        <Dependent type="29" displayName="Send Whatsapp" id="{ecceca02-80b3-ec11-983f-0022480bfe03}" />
      </MissingDependency>
      <MissingDependency>
        <Required type="2" schemaName="msdyncrm_customerjourneycustomchannelactivityid" displayName="Actividad de canal personalizada" parentSchemaName="msdyncrm_customerjourneycustomchannelactivity" parentDisplayName="Actividad de canal personalizada" solution="MicrosoftDynamics_Marketing (1.82.2016.0)">
          <package>MicrosoftDynamics_MktCompleteAnchorSolution (1.82.2016.0)</package>
        </Required>
        <Dependent type="10" schemaName="mar_LogsWhatsappChannel_ChannelActivityre" displayName="mar_LogsWhatsappChannel_ChannelActivityre" parentSchemaName="msdyncrm_customerjourneycustomchannelactivity" parentDisplayName="Actividad de canal personalizada" />
      </MissingDependency>
      <MissingDependency>
        <Required type="2" schemaName="msdyncrm_name" displayName="Nombre" parentSchemaName="msdyncrm_customerjourneycustomchannelactivity" parentDisplayName="Actividad de canal personalizada" solution="MicrosoftDynamics_Marketing (1.82.2016.0)">
          <package>MicrosoftDynamics_MktCompleteAnchorSolution (1.82.2016.0)</package>
        </Required>
        <Dependent type="10" schemaName="mar_LogsWhatsappChannel_ChannelActivityre" displayName="mar_LogsWhatsappChannel_ChannelActivityre" parentSchemaName="msdyncrm_customerjourneycustomchannelactivity" parentDisplayName="Actividad de canal personalizada" />
      </MissingDependency>
    </MissingDependencies>
  </SolutionManifest>
</ImportExportXml>